path,label
raw/2026-09-26/2026-09-26_00-00-03.jpg,1
raw/2026-09-26/2026-09-26_00-01-02.jpg,1
raw/2026-09-26/2026-09-26_00-02-02.jpg,1
raw/2026-09-26/2026-09-26_00-03-02.jpg,1
raw/2026-09-26/2026-09-26_00-04-02.jpg,1
raw/2026-09-26/2026-09-26_00-05-02.jpg,1
raw/2026-09-26/2026-09-26_02-22-02.jpg,1
raw/2026-09-26/2026-09-26_02-23-02.jpg,1
raw/2026-09-26/2026-09-26_02-24-02.jpg,1
raw/2026-09-26/2026-09-26_02-25-03.jpg,1
raw/2026-09-26/2026-09-26_02-26-03.jpg,1
raw/2026-09-26/2026-09-26_02-27-02.jpg,1
raw/2026-09-26/2026-09-26_02-28-02.jpg,1
raw/2026-09-26/2026-09-26_10-39-02.jpg,0
raw/2026-09-26/2026-09-26_10-40-02.jpg,0
raw/2026-09-26/2026-09-26_10-41-03.jpg,0
raw/2026-09-26/2026-09-26_10-42-03.jpg,0
raw/2026-09-26/2026-09-26_10-43-03.jpg,0
raw/2026-09-26/2026-09-26_10-44-02.jpg,0
raw/2026-09-26/2026-09-26_10-45-02.jpg,0
raw/2026-09-26/2026-09-26_10-46-02.jpg,0
raw/2026-09-26/2026-09-26_10-39-02.jpg,0
raw/2026-09-26/2026-09-26_10-40-02.jpg,0
raw/2026-09-26/2026-09-26_10-41-03.jpg,0
raw/2026-09-26/2026-09-26_10-42-03.jpg,0
raw/2026-09-26/2026-09-26_10-43-03.jpg,0
raw/2026-09-26/2026-09-26_10-44-02.jpg,0
raw/2026-09-26/2026-09-26_10-45-02.jpg,0
raw/2026-09-26/2026-09-26_10-46-02.jpg,0
raw/2026-09-26/2026-09-26_10-39-02.jpg,0
raw/2026-09-26/2026-09-26_10-40-02.jpg,0
raw/2026-09-26/2026-09-26_10-41-03.jpg,0
raw/2026-09-26/2026-09-26_10-42-03.jpg,0
raw/2026-09-26/2026-09-26_10-43-03.jpg,0
raw/2026-09-26/2026-09-26_10-44-02.jpg,0
raw/2026-09-26/2026-09-26_10-45-02.jpg,0
raw/2026-09-26/2026-09-26_10-46-02.jpg,0
raw/2026-09-26/2026-09-26_11-58-02.jpg,1
raw/2026-09-26/2026-09-26_11-59-02.jpg,1
raw/2026-09-26/2026-09-26_12-00-02.jpg,1
raw/2026-09-26/2026-09-26_12-01-02.jpg,1
raw/2026-09-26/2026-09-26_12-02-02.jpg,1
raw/2026-09-26/2026-09-26_14-05-03.jpg,1
raw/2026-09-26/2026-09-26_14-06-02.jpg,1
raw/2026-09-26/2026-09-26_14-07-02.jpg,1
raw/2026-09-26/2026-09-26_14-08-02.jpg,1
raw/2026-09-26/2026-09-26_14-09-02.jpg,1
raw/2026-09-26/2026-09-26_14-10-02.jpg,1
raw/2026-09-26/2026-09-26_14-11-03.jpg,1